Title,Price,Rating,Category
A Light in the Attic,Â£51.77,Three,Poetry
Tipping the Velvet,Â£53.74,One,Historical Fiction
Soumission,Â£50.10,One,Fiction
Sharp Objects,Â£47.82,Four,Mystery
Sapiens: A Brief History of Humankind,Â£54.23,Five,History
The Requiem Red,Â£22.65,One,Young Adult
The Dirty Little Secrets of Getting Your Dream Job,Â£33.34,Four,Business
"The Coming Woman: A Novel Based on the Life of the Infamous Feminist, Victoria Woodhull",Â£17.93,Three,Default
The Boys in the Boat: Nine Americans and Their Epic Quest for Gold at the 1936 Berlin Olympics,Â£22.60,Four,Default
The Black Maria,Â£52.15,One,Poetry
"Starving Hearts (Triangular Trade Trilogy, #1)",Â£13.99,Two,Default
Shakespeare's Sonnets,Â£20.66,Four,Poetry
Set Me Free,Â£17.46,Five,Young Adult
Scott Pilgrim's Precious Little Life (Scott Pilgrim #1),Â£52.29,Five,Sequential Art
Rip it Up and Start Again,Â£35.02,Five,Music
"Our Band Could Be Your Life: Scenes from the American Indie Underground, 1981-1991",Â£57.25,Three,Music
Olio,Â£23.88,One,Poetry
Mesaerion: The Best Science Fiction Stories 1800-1849,Â£37.59,One,Science Fiction
Libertarianism for Beginners,Â£51.33,Two,Politics
It's Only the Himalayas,Â£45.17,Two,Travel
In Her Wake,Â£12.84,One,Thriller
How Music Works,Â£37.32,Two,Music
"Foolproof Preserving: A Guide to Small Batch Jams, Jellies, Pickles, Condiments, and More: A Foolproof Guide to Making Small Batch Jams, Jellies, Pickles, Condiments, and More",Â£30.52,Three,Food and Drink
Chase Me (Paris Nights #2),Â£25.27,Five,Romance
Black Dust,Â£34.53,Five,Romance
Birdsong: A Story in Pictures,Â£54.64,Three,Childrens
America's Cradle of Quarterbacks: Western Pennsylvania's Football Factory from Johnny Unitas to Joe Montana,Â£22.50,Three,Default
Aladdin and His Wonderful Lamp,Â£53.13,Three,Default
Worlds Elsewhere: Journeys Around Shakespeareâs Globe,Â£40.30,Five,Nonfiction
Wall and Piece,Â£44.18,Four,Art
The Four Agreements: A Practical Guide to Personal Freedom,Â£17.66,Five,Spirituality
The Five Love Languages: How to Express Heartfelt Commitment to Your Mate,Â£31.05,Three,Nonfiction
The Elephant Tree,Â£23.82,Five,Thriller
The Bear and the Piano,Â£36.89,One,Childrens
Sophie's World,Â£15.94,Five,Philosophy
Penny Maybe,Â£33.29,Three,Default
Maude (1883-1993):She Grew Up with the country,Â£18.02,Two,Default
"In a Dark, Dark Wood",Â£19.63,One,Mystery
Behind Closed Doors,Â£52.22,Four,Thriller
You can't bury them all: Poems,Â£33.63,Two,Poetry
Slow States of Collapse: Poems,Â£57.31,Three,Poetry
Reasons to Stay Alive,Â£26.41,Two,Nonfiction
Private Paris (Private #10),Â£47.61,Five,Fiction
#HigherSelfie: Wake Up Your Life. Free Your Soul. Find Your Tribe.,Â£23.11,Five,Nonfiction
Without Borders (Wanderlove #1),Â£45.07,Two,New Adult
When We Collided,Â£31.77,One,Contemporary
"We Love You, Charlie Freeman",Â£50.27,Five,Fiction
Untitled Collection: Sabbath Poems 2014,Â£14.27,Four,Poetry
"Unseen City: The Majesty of Pigeons, the Discreet Charm of Snails & Other Wonders of the Urban Wilderness",Â£44.18,Four,Nonfiction
Unicorn Tracks,Â£18.78,Three,Fantasy
"Unbound: How Eight Technologies Made Us Human, Transformed Society, and Brought Our World to the Brink",Â£25.52,One,History
Tsubasa: WoRLD CHRoNiCLE 2 (Tsubasa WoRLD CHRoNiCLE #2),Â£16.28,One,Sequential Art
Throwing Rocks at the Google Bus: How Growth Became the Enemy of Prosperity,Â£31.12,Three,Nonfiction
This One Summer,Â£19.49,Four,Sequential Art
Thirst,Â£17.27,Five,Fiction
The Torch Is Passed: A Harding Family Story,Â£19.09,One,Add a comment
The Secret of Dreadwillow Carse,Â£56.13,One,Childrens
"The Pioneer Woman Cooks: Dinnertime: Comfort Classics, Freezer Food, 16-Minute Meals, and Other Delicious Ways to Solve Supper!",Â£56.41,One,Food and Drink
The Past Never Ends,Â£56.50,Four,Mystery
The Natural History of Us (The Fine Art of Pretending #2),Â£45.22,Three,Young Adult
The Nameless City (The Nameless City #1),Â£38.16,Four,Sequential Art
The Murder That Never Was (Forensic Instincts #5),Â£54.11,Three,Fiction
The Most Perfect Thing: Inside (and Outside) a Bird's Egg,Â£42.96,Four,Science
"The Mindfulness and Acceptance Workbook for Anxiety: A Guide to Breaking Free from Anxiety, Phobias, and Worry Using Acceptance and Commitment Therapy",Â£23.89,Four,Add a comment
The Life-Changing Magic of Tidying Up: The Japanese Art of Decluttering and Organizing,Â£16.77,Three,Nonfiction
"The Inefficiency Assassin: Time Management Tactics for Working Smarter, Not Longer",Â£20.59,Five,Default
The Gutsy Girl: Escapades for Your Life of Epic Adventure,Â£37.13,One,Nonfiction
The Electric Pencil: Drawings from Inside State Hospital No. 3,Â£56.06,One,Nonfiction
The Death of Humanity: and the Case for Life,Â£58.11,Four,Philosophy
"The Bulletproof Diet: Lose up to a Pound a Day, Reclaim Energy and Focus, Upgrade Your Life",Â£49.05,Three,Health
The Art Forger,Â£40.76,Three,Add a comment
The Age of Genius: The Seventeenth Century and the Birth of the Modern Mind,Â£19.73,One,History
The Activist's Tao Te Ching: Ancient Advice for a Modern Revolution,Â£32.24,Five,Spirituality
Spark Joy: An Illustrated Master Class on the Art of Organizing and Tidying Up,Â£41.83,Four,Nonfiction
Soul Reader,Â£39.58,Two,Default
Security,Â£39.25,Two,Horror
"Saga, Volume 6 (Saga (Collected Editions) #6)",Â£25.02,Three,Fantasy
"Saga, Volume 5 (Saga (Collected Editions) #5)",Â£51.04,Two,Sequential Art
Reskilling America: Learning to Labor in the Twenty-First Century,Â£19.83,Two,Nonfiction
"Rat Queens, Vol. 3: Demons (Rat Queens (Collected Editions) #11-15)",Â£50.40,Three,Sequential Art
"Princess Jellyfish 2-in-1 Omnibus, Vol. 01 (Princess Jellyfish 2-in-1 Omnibus #1)",Â£13.61,Five,Sequential Art
Princess Between Worlds (Wide-Awake Princess #5),Â£13.34,Five,Fantasy
"Pop Gun War, Volume 1: Gift",Â£18.97,One,Sequential Art
"Political Suicide: Missteps, Peccadilloes, Bad Calls, Backroom Hijinx, Sordid Pasts, Rotten Breaks, and Just Plain Dumb Mistakes in the Annals of American Politics",Â£36.28,Two,History
Patience,Â£10.16,Three,Sequential Art
"Outcast, Vol. 1: A Darkness Surrounds Him (Outcast #1)",Â£15.44,Four,Sequential Art
orange: The Complete Collection 1 (orange: The Complete Collection #1),Â£48.41,One,Sequential Art
Online Marketing for Busy Authors: A Step-By-Step Guide,Â£46.35,One,Self Help
On a Midnight Clear,Â£14.07,Three,Add a comment
Obsidian (Lux #1),Â£14.86,Two,Young Adult
My Paris Kitchen: Recipes and Stories,Â£33.37,Two,Food and Drink
Masks and Shadows,Â£56.40,Two,Fantasy
"Mama Tried: Traditional Italian Cooking for the Screwed, Crude, Vegan, and Tattooed",Â£14.02,Four,Food and Drink
"Lumberjanes, Vol. 2: Friendship to the Max (Lumberjanes #5-8)",Â£46.91,Two,Sequential Art
"Lumberjanes, Vol. 1: Beware the Kitten Holy (Lumberjanes #1-4)",Â£45.61,Three,Sequential Art
Lumberjanes Vol. 3: A Terrible Plan (Lumberjanes #9-12),Â£19.92,Two,Sequential Art
"Layered: Baking, Building, and Styling Spectacular Cakes",Â£40.11,One,Food and Drink
Judo: Seven Steps to Black Belt (an Introductory Guide for Beginners),Â£53.90,Two,Add a comment
Join,Â£35.67,Five,Science Fiction
In the Country We Love: My Family Divided,Â£22.00,Four,Nonfiction
Immunity: How Elie Metchnikoff Changed the Course of Modern Medicine,Â£57.36,Five,Science
"I Hate Fairyland, Vol. 1: Madly Ever After (I Hate Fairyland (Compilations) #1-5)",Â£29.17,Two,Sequential Art
I am a Hero Omnibus Volume 1,Â£54.63,Three,Sequential Art
How to Be Miserable: 40 Strategies You Already Use,Â£46.03,One,Self Help
Her Backup Boyfriend (The Sorensen Family #1),Â£33.97,One,Romance
"Giant Days, Vol. 2 (Giant Days #5-8)",Â£22.11,Two,Sequential Art
Forever and Forever: The Courtship of Henry Longfellow and Fanny Appleton,Â£29.69,Three,Historical Fiction
First and First (Five Boroughs #3),Â£15.97,Four,Romance
Fifty Shades Darker (Fifty Shades #2),Â£21.96,One,Romance
Everydata: The Misinformation Hidden in the Little Data You Consume Every Day,Â£54.35,Two,Nonfiction
"Don't Be a Jerk: And Other Practical Advice from Dogen, Japan's Greatest Zen Master",Â£37.97,Two,Religion
Danganronpa Volume 1,Â£51.99,Four,Sequential Art
Crown of Midnight (Throne of Glass #2),Â£43.29,Three,Fantasy
"Codename Baboushka, Volume 1: The Conclave of Death",Â£36.72,Four,Sequential Art
Camp Midnight,Â£17.08,Four,Sequential Art
Call the Nurse: True Stories of a Country Nurse on a Scottish Isle,Â£29.14,Five,Nonfiction
Burning,Â£28.81,Three,Young Adult
Bossypants,Â£49.46,Two,Default
"Bitch Planet, Vol. 1: Extraordinary Machine (Bitch Planet (Collected Editions))",Â£37.92,Two,Sequential Art
"Avatar: The Last Airbender: Smoke and Shadow, Part 3 (Smoke and Shadow #3)",Â£28.09,Two,Fantasy
Algorithms to Live By: The Computer Science of Human Decisions,Â£30.81,One,Nonfiction
A World of Flavor: Your Gluten Free Passport,Â£42.95,One,Default
"A Piece of Sky, a Grain of Rice: A Memoir in Four Meditations",Â£56.76,Five,Default
A Murder in Time,Â£16.64,One,Mystery
A Flight of Arrows (The Pathfinders #2),Â£55.53,Five,Historical Fiction
A Fierce and Subtle Poison,Â£28.13,Four,Young Adult
A Court of Thorns and Roses (A Court of Thorns and Roses #1),Â£52.37,One,Fantasy
(Un)Qualified: How God Uses Broken People to Do Big Things,Â£54.00,Five,Christian
You Are What You Love: The Spiritual Power of Habit,Â£21.87,Four,Religion
"William Shakespeare's Star Wars: Verily, A New Hope (William Shakespeare's Star Wars #4)",Â£43.30,Four,Science Fiction
Tuesday Nights in 1980,Â£21.04,Two,Fiction
Tracing Numbers on a Train,Â£41.60,Three,Default
Throne of Glass (Throne of Glass #1),Â£35.07,Three,Fantasy
Thomas Jefferson and the Tripoli Pirates: The Forgotten War That Changed American History,Â£59.64,One,History
Thirteen Reasons Why,Â£52.72,One,Default
The White Cat and the Monk: A Retelling of the Poem âPangur BÃ¡nâ,Â£58.08,Four,Childrens
The Wedding Dress,Â£24.12,One,Romance
The Vacationers,Â£42.15,Four,Fiction
The Third Wave: An Entrepreneurâs Vision of the Future,Â£12.61,Five,Business
The Stranger,Â£17.44,Four,Philosophy
The Shadow Hero (The Shadow Hero),Â£33.14,One,Sequential Art
The Secret (The Secret #1),Â£27.37,Four,Default
The Regional Office Is Under Attack!,Â£51.36,Five,Fiction
The Psychopath Test: A Journey Through the Madness Industry,Â£36.00,Two,Default
The Project,Â£10.65,One,Science Fiction
The Power of Now: A Guide to Spiritual Enlightenment,Â£43.54,Two,Nonfiction
The Omnivore's Dilemma: A Natural History of Four Meals,Â£38.21,Two,Nonfiction
The Nerdy Nummies Cookbook: Sweet Treats for the Geek in All of Us,Â£37.34,Five,Food and Drink
The Murder of Roger Ackroyd (Hercule Poirot #4),Â£44.10,Four,Mystery
The Mistake (Off-Campus #2),Â£43.29,Three,New Adult
The Matchmaker's Playbook (Wingmen Inc. #1),Â£55.85,One,New Adult
The Love and Lemons Cookbook: An Apple-to-Zucchini Celebration of Impromptu Cooking,Â£37.60,Two,Food and Drink
The Long Shadow of Small Ghosts: Murder and Memory in an American City,Â£10.97,One,Crime
The Kite Runner,Â£41.82,Four,Default
The House by the Lake,Â£36.95,One,Historical Fiction
The Glittering Court (The Glittering Court #1),Â£44.28,One,Fantasy
The Girl on the Train,Â£55.02,Two,Default
The Genius of Birds,Â£17.24,One,Nonfiction
The Emerald Mystery,Â£23.15,Two,Default
The Cookies & Cups Cookbook: 125+ sweet & savory recipes reminding you to Always Eat Dessert First,Â£41.25,One,Food and Drink
The Bridge to Consciousness: I'm Writing the Bridge Between Science and Our Old and New Beliefs.,Â£32.00,Three,Default
The Artist's Way: A Spiritual Path to Higher Creativity,Â£38.49,Five,Nonfiction
The Art of War,Â£33.34,Five,Default
The Argonauts,Â£10.93,Two,Autobiography
The 10% Entrepreneur: Live Your Startup Dream Without Quitting Your Day Job,Â£27.55,Three,Business
Suddenly in Love (Lake Haven #1),Â£55.99,Two,Romance
Something More Than This,Â£16.24,Four,Romance
Soft Apocalypse,Â£26.12,Two,Science Fiction
So You've Been Publicly Shamed,Â£12.23,Two,Nonfiction
Shoe Dog: A Memoir by the Creator of NIKE,Â£23.99,Two,Business
"Shobu Samurai, Project Aryoku (#3)",Â£29.06,Three,Add a comment
Secrets and Lace (Fatal Hearts #1),Â£20.27,One,Default
Scarlett Epstein Hates It Here,Â£43.55,Five,Young Adult
Romero and Juliet: A Tragic Tale of Love and Zombies,Â£36.94,One,Default
Redeeming Love,Â£20.47,Five,Christian Fiction
Poses for Artists Volume 1 - Dynamic and Sitting Poses: An Essential Reference for Figure Drawing and the Human Form,Â£41.06,One,Default
Poems That Make Grown Women Cry,Â£14.19,Four,Poetry
"Nightingale, Sing",Â£38.28,One,Young Adult
Night Sky with Exit Wounds,Â£41.05,One,Poetry
Mrs. Houdini,Â£30.25,Five,Historical Fiction
Modern Romance,Â£28.26,Five,Add a comment
Miss Peregrineâs Home for Peculiar Children (Miss Peregrineâs Peculiar Children #1),Â£10.76,One,Default
Louisa: The Extraordinary Life of Mrs. Adams,Â£16.85,Two,Biography
Little Red,Â£13.47,Three,Childrens
Library of Souls (Miss Peregrineâs Peculiar Children #3),Â£48.56,Five,Young Adult
Large Print Heart of the Pride,Â£19.15,Two,Default
I Had a Nice Time And Other Lies...: How to find love & sh*t like that,Â£57.36,Four,Womens Fiction
Hollow City (Miss Peregrineâs Peculiar Children #2),Â£42.98,One,Fantasy
Grumbles,Â£22.16,Two,Default
Full Moon over Noahâs Ark: An Odyssey to Mount Ararat and Beyond,Â£49.43,Four,Travel
Frostbite (Vampire Academy #2),Â£29.99,Five,Young Adult
Follow You Home,Â£21.36,One,Horror
First Steps for New Christians (Print Edition),Â£29.00,One,Default
Finders Keepers (Bill Hodges Trilogy #2),Â£53.53,Five,Fiction
"Fables, Vol. 1: Legends in Exile (Fables #1)",Â£41.62,Four,Sequential Art
Eureka Trivia 6.0,Â£54.59,Four,Default
Drive: The Surprising Truth About What Motivates Us,Â£34.95,Four,Default
Done Rubbed Out (Reightman & Bailey #1),Â£37.72,Five,Default
Doing It Over (Most Likely To #1),Â£35.61,Three,Romance
"Deliciously Ella Every Day: Quick and Easy Recipes for Gluten-Free Snacks, Packed Lunches, and Simple Meals",Â£42.16,Three,Food and Drink
Dark Notes,Â£19.19,Five,Erotica
"Daring Greatly: How the Courage to Be Vulnerable Transforms the Way We Live, Love, Parent, and Lead",Â£19.43,Three,Nonfiction
Close to You,Â£49.46,Four,Christian Fiction
Chasing Heaven: What Dying Taught Me About Living,Â£37.80,Two,Spirituality
Big Magic: Creative Living Beyond Fear,Â£30.80,Three,Nonfiction
Becoming Wise: An Inquiry into the Mystery and Art of Living,Â£27.43,Two,Nonfiction
Beauty Restored (Riley Family Legacy Novellas #3),Â£11.11,Two,Default
Batman: The Long Halloween (Batman),Â£36.50,Two,Sequential Art
Batman: The Dark Knight Returns (Batman),Â£15.38,Five,Sequential Art
Ayumi's Violin,Â£15.48,Two,Default
Anonymous,Â£46.82,Four,Default
Amy Meets the Saints and Sages,Â£18.46,Three,Default
Amid the Chaos,Â£36.58,One,Cultural
Amatus,Â£50.54,Five,Default
Agnostic: A Spirited Manifesto,Â£12.51,Five,Nonfiction
Zealot: The Life and Times of Jesus of Nazareth,Â£24.70,Three,History
You (You #1),Â£43.61,Five,Thriller
"Wonder Woman: Earth One, Volume One (Wonder Woman: Earth One #1)",Â£37.34,Four,Sequential Art
Wild Swans,Â£14.36,Two,Young Adult
Why the Right Went Wrong: Conservatism--From Goldwater to the Tea Party and Beyond,Â£52.65,Four,Politics
Whole Lotta Creativity Going On: 60 Fun and Unusual Exercises to Awaken and Strengthen Your Creativity,Â£38.20,Four,Nonfiction
What's It Like in Space?: Stories from Astronauts Who've Been There,Â£19.60,Two,Nonfiction
"We Are Robin, Vol. 1: The Vigilante Business (We Are Robin #1)",Â£53.90,One,Sequential Art
Walt Disney's Alice in Wonderland,Â£12.96,Five,Childrens
V for Vendetta (V for Vendetta Complete),Â£37.10,Four,Default
Until Friday Night (The Field Party #1),Â£46.31,Two,Young Adult
"Unbroken: A World War II Story of Survival, Resilience, and Redemption",Â£45.95,Two,Default
Twenty Yawns,Â£22.08,Two,Childrens
Through the Woods,Â£25.38,Two,Sequential Art
This Is Where It Ends,Â£27.12,Two,Young Adult
The Year of Magical Thinking,Â£43.04,Two,Nonfiction
The Wright Brothers,Â£56.80,Four,Default
The White Queen (The Cousins' War #1),Â£25.91,Five,Add a comment
The Wedding Pact (The O'Malleys #2),Â£32.61,Three,Romance
The Time Keeper,Â£27.88,Five,Fiction
The Testament of Mary,Â£52.67,Four,Fiction
The Star-Touched Queen,Â£46.02,Five,Fantasy
The Songs of the Gods,Â£44.48,Five,Default
The Song of Achilles,Â£37.40,Five,Add a comment
The Rosie Project (Don Tillman #1),Â£54.04,One,Default
The Power of Habit: Why We Do What We Do in Life and Business,Â£16.88,Three,Default
The Marriage of Opposites,Â£28.08,Four,Historical Fiction
The Lucifer Effect: Understanding How Good People Turn Evil,Â£10.40,One,Psychology
The Long Haul (Diary of a Wimpy Kid #9),Â£44.07,One,Humor
The Loney,Â£23.40,One,Horror
The Literature Book (Big Ideas Simply Explained),Â£17.43,Three,Nonfiction
The Last Mile (Amos Decker #2),Â£54.21,Two,Mystery
The Immortal Life of Henrietta Lacks,Â£40.67,Two,Add a comment
The Hidden Oracle (The Trials of Apollo #1),Â£52.26,Two,Fantasy
The Help Yourself Cookbook for Kids: 60 Easy Plant-Based Recipes Kids Can Make to Stay Healthy and Save the Earth,Â£28.77,Three,Food and Drink
The Guilty (Will Robie #4),Â£13.82,Two,Thriller
The First Hostage (J.B. Collins #2),Â£25.85,Three,Fiction
The Dovekeepers,Â£48.78,One,Add a comment
The Darkest Lie,Â£35.35,Five,Young Adult
The Bane Chronicles (The Bane Chronicles #1-11),Â£44.73,Four,Fantasy
The Bad-Ass Librarians of Timbuktu: And Their Race to Save the Worldâs Most Precious Manuscripts,Â£15.77,One,Nonfiction
The 14th Colony (Cotton Malone #11),Â£39.24,One,Thriller
That Darkness (Gardiner and Renner #1),Â£13.92,One,Mystery
Tastes Like Fear (DI Marnie Rome #3),Â£10.69,One,Mystery
Take Me with You,Â£45.21,Three,Fiction
Swell: A Year of Waves,Â£45.58,One,Nonfiction
Superman Vol. 1: Before Truth (Superman by Gene Luen Yang #1),Â£11.89,Five,Sequential Art
Still Life with Bread Crumbs,Â£26.41,Three,Fiction
Steve Jobs,Â£39.50,Five,Default
Sorting the Beef from the Bull: The Science of Food Fraud Forensics,Â£44.74,Four,Science
Someone Like You (The Harrisons #2),Â£52.79,Five,Contemporary
"So Cute It Hurts!!, Vol. 6 (So Cute It Hurts!! #6)",Â£35.43,Four,Sequential Art
Shtum,Â£55.84,Four,Fiction
See America: A Celebration of Our National Parks & Treasured Sites,Â£48.87,Three,Travel
salt.,Â£46.78,Four,Poetry
Robin War,Â£47.82,Three,Sequential Art
"Red Hood/Arsenal, Vol. 1: Open for Business (Red Hood/Arsenal #1)",Â£25.48,Two,Sequential Art
Rain Fish,Â£23.57,Three,Childrens
"Quarter Life Poetry: Poems for the Young, Broke and Hangry",Â£50.89,Five,Poetry
Pet Sematary,Â£10.56,Three,Horror
"Overload: How to Unplug, Unwind, and Unleash Yourself from the Pressure of Stress",Â£52.15,Three,Self Help
Once Was a Time,Â£18.28,Two,Childrens
Old School (Diary of a Wimpy Kid #10),Â£11.83,Five,Humor
No Dream Is Too High: Life Lessons From a Man Who Walked on the Moon,Â£21.95,Two,Nonfiction
"Naruto (3-in-1 Edition), Vol. 14: Includes Vols. 40, 41 & 42 (Naruto: Omnibus #14)",Â£38.39,Two,Sequential Art
My Name Is Lucy Barton,Â£41.56,One,Fiction
My Mrs. Brown,Â£24.48,Three,Fiction
My Kind of Crazy,Â£40.36,One,Young Adult
Mr. Mercedes (Bill Hodges Trilogy #1),Â£28.90,One,Fiction
More Than Music (Chasing the Dream #1),Â£37.61,Two,Add a comment
Made to Stick: Why Some Ideas Survive and Others Die,Â£38.85,Five,Business
Luis Paints the World,Â£53.95,Three,Childrens
Luckiest Girl Alive,Â£49.83,Three,Default
Lowriders to the Center of the Earth (Lowriders in Space #2),Â£51.51,Two,Sequential Art
Love Is a Mix Tape (Music #1),Â£18.03,One,Music
Looking for Lovely: Collecting the Moments that Matter,Â£29.14,Five,Nonfiction
"Living Leadership by Insight: A Good Leader Achieves, a Great Leader Builds Monuments",Â£46.91,Four,Default
Let It Out: A Journey Through Journaling,Â£26.79,Five,Nonfiction
Lady Midnight (The Dark Artifices #1),Â£16.28,Five,Default
"It's All Easy: Healthy, Delicious Weeknight Meals in under 30 Minutes",Â£19.55,One,Food and Drink
Island of Dragons (Unwanteds #7),Â£29.65,One,Fantasy
I Know What I'm Doing -- and Other Lies I Tell Myself: Dispatches from a Life Under Construction,Â£25.98,Four,Humor
I Am Pilgrim (Pilgrim #1),Â£10.60,Four,Fiction
"Hyperbole and a Half: Unfortunate Situations, Flawed Coping Mechanisms, Mayhem, and Other Things That Happened",Â£14.75,Five,Humor
"Hush, Hush (Hush, Hush #1)",Â£47.02,Three,Default
Hold Your Breath (Search and Rescue #1),Â£28.82,One,Romance
Hamilton: The Revolution,Â£58.79,Three,Nonfiction
Greek Mythic History,Â£10.23,Five,Default
God: The Most Unpleasant Character in All Fiction,Â£30.03,Five,Religion
Glory over Everything: Beyond The Kitchen House,Â£45.84,Three,Historical Fiction
Feathers: Displays of Brilliant Plumage,Â£49.05,Three,Art
"Far & Away: Places on the Brink of Change: Seven Continents, Twenty-Five Years",Â£15.06,Four,Nonfiction
Every Last Word,Â£46.47,Three,Default
Eligible (The Austen Project #4),Â£27.09,Three,Fiction
El Deafo,Â£57.62,Five,Sequential Art
Eight Hundred Grapes,Â£14.39,Four,Fiction
"Eaternity: More than 150 Deliciously Easy Vegan Recipes for a Long, Healthy, Satisfied, Joyful Life",Â£51.75,Five,Nonfiction
"Eat Fat, Get Thin",Â£54.07,Two,Health
Don't Get Caught,Â£55.35,One,Young Adult
Doctor Sleep (The Shining #2),Â£40.12,Two,Horror
Demigods & Magicians: Percy and Annabeth Meet the Kanes (Percy Jackson & Kane Chronicles Crossover #1-3),Â£37.51,Five,Fantasy
Dear Mr. Knightley,Â£11.21,Five,Fiction
Daily Fantasy Sports,Â£36.58,One,Default
Crazy Love: Overwhelmed by a Relentless God,Â£47.72,Two,Christian
Cometh the Hour (The Clifton Chronicles #6),Â£25.01,Three,Fiction
Code Name Verity (Code Name Verity #1),Â£22.13,Four,Add a comment
Clockwork Angel (The Infernal Devices #1),Â£44.14,One,Default
City of Glass (The Mortal Instruments #3),Â£56.02,Four,Fantasy
City of Fallen Angels (The Mortal Instruments #4),Â£11.23,Four,Default
City of Bones (The Mortal Instruments #1),Â£43.28,One,Default
City of Ashes (The Mortal Instruments #2),Â£47.27,One,Default
Cell,Â£20.29,Four,Add a comment
Catching Jordan (Hundred Oaks),Â£50.83,Three,Young Adult
"Carry On, Warrior: Thoughts on Life Unarmed",Â£31.85,Three,Default
Carrie,Â£46.23,Two,Default
Buying In: The Secret Dialogue Between What We Buy and Who We Are,Â£37.80,Four,Nonfiction
Brain on Fire: My Month of Madness,Â£49.32,Five,Nonfiction
Batman: Europa,Â£32.01,Two,Sequential Art
Barefoot Contessa Back to Basics,Â£28.01,One,Food and Drink
Barefoot Contessa at Home: Everyday Recipes You'll Make Over and Over Again,Â£50.62,Five,Food and Drink
Balloon Animals,Â£17.03,Three,Fiction
Art Ops Vol. 1,Â£48.80,Three,Sequential Art
Aristotle and Dante Discover the Secrets of the Universe (Aristotle and Dante Discover the Secrets of the Universe #1),Â£58.14,Four,Young Adult
Angels Walking (Angels Walking #1),Â£34.20,Two,Add a comment
Angels & Demons (Robert Langdon #1),Â£51.48,Three,Default
All the Light We Cannot See,Â£29.87,Five,Historical
"Adulthood Is a Myth: A ""Sarah's Scribbles"" Collection",Â£10.90,Two,Sequential Art
Abstract City,Â£56.37,Five,Nonfiction
A Time of Torment (Charlie Parker #14),Â£48.35,Five,Mystery
A Study in Scarlet (Sherlock Holmes #1),Â£16.73,Two,Mystery
"A Series of Catastrophes and Miracles: A True Story of Love, Science, and Cancer",Â£56.48,Two,Add a comment
A People's History of the United States,Â£40.79,Two,Add a comment
A Man Called Ove,Â£39.72,One,Fiction
A Distant Mirror: The Calamitous 14th Century,Â£14.58,Three,History
A Brush of Wings (Angels Walking #3),Â£55.51,One,Add a comment
1491: New Revelations of the Americas Before Columbus,Â£21.80,Three,History
"The Three Searches, Meaning, and the Story",Â£13.33,Three,Default
Searching for Meaning in Gailana,Â£38.73,One,Fantasy
Rook,Â£37.86,Four,Add a comment
My Kitchen Year: 136 Recipes That Saved My Life,Â£11.53,Two,Food and Drink
13 Hours: The Inside Account of What Really Happened In Benghazi,Â£27.06,One,Nonfiction
Will You Won't You Want Me?,Â£13.86,Three,Womens Fiction
Tipping Point for Planet Earth: How Close Are We to the Edge?,Â£37.55,One,Science
The Star-Touched Queen,Â£32.30,Five,Fantasy
The Silent Sister (Riley MacPherson #1),Â£46.29,Five,Fiction
The Midnight Watch: A Novel of the Titanic and the Californian,Â£26.20,One,Add a comment
The Lonely City: Adventures in the Art of Being Alone,Â£33.26,Two,Nonfiction
The Gray Rhino: How to Recognize and Act on the Obvious Dangers We Ignore,Â£59.15,Four,Add a comment
The Golden Condom: And Other Essays on Love Lost and Found,Â£39.43,One,Psychology
The Epidemic (The Program 0.6),Â£14.44,Five,Young Adult
The Dinner Party,Â£56.54,Two,Fiction
The Diary of a Young Girl,Â£59.90,Three,Nonfiction
The Children,Â£11.88,Three,Add a comment
Stars Above (The Lunar Chronicles #4.5),Â£48.05,Two,Young Adult
Snatched: How A Drug Queen Went Undercover for the DEA and Was Kidnapped By Colombian Guerillas,Â£21.21,Three,Nonfiction
Raspberry Pi Electronics Projects for the Evil Genius,Â£49.67,Four,Default
Quench Your Own Thirst: Business Lessons Learned Over a Beer or Two,Â£43.14,One,Business
Psycho: Sanitarium (Psycho #1.5),Â£36.97,Five,Horror
Poisonous (Max Revere Novels #3),Â£26.80,Three,Mystery
One with You (Crossfire #5),Â£15.71,Four,Add a comment
No Love Allowed (Dodge Cove #1),Â£54.65,Four,Young Adult
Murder at the 42nd Street Library (Raymond Ambler #1),Â£54.36,Four,Mystery
Most Wanted,Â£35.28,Three,Mystery
"Love, Lies and Spies",Â£20.55,Two,Historical Fiction
How to Speak Golf: An Illustrated Guide to Links Lingo,Â£58.32,Five,Default
Hide Away (Eve Duncan #20),Â£11.84,One,Mystery
Furiously Happy: A Funny Book About Horrible Things,Â£41.46,Four,Nonfiction
Everyday Italian: 125 Simple and Delicious Recipes,Â£20.10,Five,Food and Drink
Equal Is Unfair: America's Misguided Fight Against Income Inequality,Â£56.86,One,Politics
Eleanor & Park,Â£56.51,Five,Default
Dirty (Dive Bar #1),Â£40.83,Four,Romance
Can You Keep a Secret? (Fear Street Relaunch #4),Â£48.64,One,Horror
Boar Island (Anna Pigeon #19),Â£59.48,Three,Mystery
A Paris Apartment,Â£39.01,Four,Historical Fiction
"A la Mode: 120 Recipes in 60 Pairings: Pies, Tarts, Cakes, Crisps, and More Topped with Ice Cream, Gelato, Frozen Custard, and More",Â£38.77,One,Food and Drink
Troublemaker: Surviving Hollywood and Scientology,Â£48.39,Two,Default
The Widow,Â£27.26,Two,Mystery
"The Sleep Revolution: Transforming Your Life, One Night at a Time",Â£11.68,Four,Nonfiction
The Improbability of Love,Â£59.45,One,Fiction
The Art of Startup Fundraising,Â£21.00,Three,Business
Take Me Home Tonight (Rock Star Romance #3),Â£53.98,Three,Romance
Sleeping Giants (Themis Files #1),Â£48.74,One,Science Fiction
"Setting the World on Fire: The Brief, Astonishing Life of St. Catherine of Siena",Â£21.15,Two,Biography
Playing with Fire,Â£13.71,Three,Mystery
Off the Hook (Fishing for Trouble #1),Â£47.67,Three,Romance
Mothering Sunday,Â£13.34,Two,Fiction
"Mother, Can You Not?",Â£16.89,Five,Nonfiction
M Train,Â£27.18,One,Autobiography
Lilac Girls,Â£17.28,Two,Historical Fiction
Lies and Other Acts of Love,Â£45.14,One,Fiction
Lab Girl,Â£40.85,One,Autobiography
Keep Me Posted,Â£20.46,Four,Womens Fiction
It Didn't Start with You: How Inherited Family Trauma Shapes Who We Are and How to End the Cycle,Â£56.27,Three,Psychology
Grey (Fifty Shades #4),Â£48.49,Four,Womens Fiction
"Exit, Pursued by a Bear",Â£51.34,Four,Young Adult
Daredevils,Â£16.34,Three,Fiction
Cravings: Recipes for What You Want to Eat,Â£20.50,Three,Food and Drink
Born for This: How to Find the Work You Were Meant to Do,Â£21.59,Five,Business
Arena,Â£21.36,Four,Science Fiction
Adultery,Â£20.88,Five,Default
A Mother's Reckoning: Living in the Aftermath of Tragedy,Â£19.53,Three,Nonfiction
A Gentleman's Position (Society of Gentlemen #3),Â£14.75,Five,Romance
11/22/63,Â£48.48,Three,Fiction
"10% Happier: How I Tamed the Voice in My Head, Reduced Stress Without Losing My Edge, and Found Self-Help That Actually Works",Â£24.57,Two,Nonfiction
10-Day Green Smoothie Cleanse: Lose Up to 15 Pounds in 10 Days!,Â£49.71,Five,Health
Without Shame,Â£48.27,Five,Add a comment
Watchmen,Â£58.05,Four,Add a comment
Unlimited Intuition Now,Â£58.87,Four,Default
Underlying Notes,Â£11.82,Two,Default
The Shack,Â£28.03,One,Fiction
The New Brand You: Your New Image Makes the Sale for You,Â£44.05,Five,Default
"The Moosewood Cookbook: Recipes from Moosewood Restaurant, Ithaca, New York",Â£12.34,Four,Food and Drink
The Flowers Lied,Â£16.68,Two,Default
"The Fabric of the Cosmos: Space, Time, and the Texture of Reality",Â£55.91,One,Science
The Book of Mormon,Â£24.57,Three,Religion
The Art and Science of Low Carbohydrate Living,Â£52.98,Five,Health
The Alien Club,Â£54.40,One,Young Adult
Suzie Snowflake: One beautiful flake (a self-esteem story),Â£54.81,Five,Novels
Nap-a-Roo,Â£25.08,One,Childrens
"NaNo What Now? Finding your editing process, revising your NaNoWriMo book and building a writing career through publishing and beyond",Â£10.41,Four,Default
Modern Day Fables,Â£47.44,Two,Default
If I Gave You God's Phone Number....: Searching for Spirituality in America,Â£20.91,One,Spirituality
"Fruits Basket, Vol. 9 (Fruits Basket #9)",Â£33.95,Four,Sequential Art
Dress Your Family in Corduroy and Denim,Â£43.68,Three,Humor
Don't Forget Steven,Â£33.23,One,Young Adult
Chernobyl 01:23:40: The Incredible True Story of the World's Worst Nuclear Disaster,Â£35.92,Two,Nonfiction
Art and Fear: Observations on the Perils (and Rewards) of Artmaking,Â£48.63,Four,Art
A Shard of Ice (The Black Symphony Saga #1),Â£56.63,Three,Fantasy
A Hero's Curse (The Unseen Chronicles #1),Â£50.49,Three,Add a comment
23 Degrees South: A Tropical Tale of Changing Whether...,Â£35.79,Two,Add a comment
"Zero to One: Notes on Startups, or How to Build the Future",Â£34.06,Three,Nonfiction
Why Not Me?,Â£17.76,One,Nonfiction
When Breath Becomes Air,Â£39.36,Two,Nonfiction
Vagabonding: An Uncommon Guide to the Art of Long-Term World Travel,Â£36.94,Two,Travel
The Unlikely Pilgrimage of Harold Fry (Harold Fry #1),Â£43.62,Five,Default
The New Drawing on the Right Side of the Brain,Â£43.02,Three,Art
"The Midnight Assassin: Panic, Scandal, and the Hunt for America's First Serial Killer",Â£28.45,Four,Nonfiction
The Martian (The Martian #1),Â£41.39,Two,Default
The High Mountains of Portugal,Â£51.15,One,Fiction
The Grownup,Â£35.88,One,Short Stories
The E-Myth Revisited: Why Most Small Businesses Don't Work and What to Do About It,Â£36.91,One,Business
South of Sunshine,Â£28.93,One,Young Adult
Smarter Faster Better: The Secrets of Being Productive in Life and Business,Â£38.89,Five,Nonfiction
Silence in the Dark (Logan Point #4),Â£58.33,Three,Suspense
Shadows of the Past (Logan Point #1),Â£39.67,Five,Christian Fiction
Roller Girl,Â£14.10,Five,Sequential Art
Rising Strong,Â£21.82,Three,Nonfiction
Proofs of God: Classical Arguments from Tertullian to Barth,Â£54.21,One,Philosophy
Please Kill Me: The Uncensored Oral History of Punk,Â£31.19,Four,Music
Out of Print: City Lights Spotlight No. 14,Â£53.64,Five,Poetry
My Life Next Door (My Life Next Door ),Â£36.39,Five,Young Adult
Miller's Valley,Â£58.54,Two,Fiction
Man's Search for Meaning,Â£29.48,Three,Nonfiction
"Love That Boy: What Two Presidents, Eight Road Trips, and My Son Taught Me About a Parent's Expectations",Â£25.06,Two,Nonfiction
Living Forward: A Proven Plan to Stop Drifting and Get the Life You Want,Â£12.55,Three,Nonfiction
Les Fleurs du Mal,Â£29.04,Five,Poetry
Left Behind (Left Behind #1),Â£40.72,Two,Default
Kill 'Em and Leave: Searching for James Brown and the American Soul,Â£45.05,Five,Music
Kierkegaard: A Christian Missionary to Christians,Â£47.13,One,Philosophy
John Vassos: Industrial Design for Modern Life,Â£20.22,Four,Default
I'll Give You the Sun,Â£56.48,One,Default
I Will Find You,Â£44.21,One,Nonfiction
Hystopia: A Novel,Â£21.96,Four,Fiction
Howl and Other Poems,Â£40.45,Two,Poetry
History of Beauty,Â£10.29,Four,Art
Heaven is for Real: A Little Boy's Astounding Story of His Trip to Heaven and Back,Â£52.86,Two,Default
Future Shock (Future Shock #1),Â£55.65,Five,Young Adult
Ender's Game (The Ender Quintet #1),Â£43.64,One,Default
Diary of a Citizen Scientist: Chasing Tiger Beetles and Other New Ways of Engaging the World,Â£28.41,One,Science
Death by Leisure: A Cautionary Tale,Â£37.51,Four,Default
Brilliant Beacons: A History of the American Lighthouse,Â£11.45,Three,History
Brazen: The Courage to Find the You That's Been Hiding,Â£19.22,Two,Nonfiction
Between the World and Me,Â£56.91,Four,Nonfiction
Being Mortal: Medicine and What Matters in the End,Â£55.06,Four,Nonfiction
"A Murder Over a Girl: Justice, Gender, Junior High",Â£13.20,Three,Nonfiction
32 Yolks,Â£53.63,Two,Food and Drink
"""Most Blessed of the Patriarchs"": Thomas Jefferson and the Empire of the Imagination",Â£44.48,Five,History
You Are a Badass: How to Stop Doubting Your Greatness and Start Living an Awesome Life,Â£12.08,Three,Self Help
Wildlife of New York: A Five-Borough Coloring Book,Â£22.14,Two,Default
What Happened on Beale Street (Secrets of the South Mysteries #2),Â£25.37,Five,Mystery
Unreasonable Hope: Finding Faith in the God Who Brings Purpose to Your Pain,Â£46.33,Two,Spirituality
Under the Tuscan Sun,Â£37.33,Three,Travel
Toddlers Are A**holes: It's Not Your Fault,Â£25.55,One,Humor
The Year of Living Biblically: One Man's Humble Quest to Follow the Bible as Literally as Possible,Â£34.72,One,Default
The Whale,Â£35.96,Four,Childrens
The Story of Art,Â£41.14,Four,Art
The Origin of Species,Â£10.01,Four,Science
The Great Gatsby,Â£36.05,Four,Default
The Good Girl,Â£49.03,Three,Default
The Glass Castle,Â£16.24,One,Add a comment
The Faith of Christopher Hitchens: The Restless Soul of the World's Most Notorious Atheist,Â£39.55,One,Biography
The Drowning Girls,Â£35.67,Three,Add a comment
The Constant Princess (The Tudor Court #1),Â£16.62,Three,Historical Fiction
The Bourne Identity (Jason Bourne #1),Â£42.78,Four,Fiction
The Bachelor Girl's Guide to Murder (Herringford and Watts Mysteries #1),Â£52.30,Five,Mystery
The Art Book,Â£32.34,Two,Art
The 7 Habits of Highly Effective People: Powerful Lessons in Personal Change,Â£33.17,Four,Default
Team of Rivals: The Political Genius of Abraham Lincoln,Â£20.12,Five,Add a comment
Steal Like an Artist: 10 Things Nobody Told You About Being Creative,Â£20.90,Two,Default
"Sit, Stay, Love",Â£20.90,Three,Romance
Sister Dear,Â£40.20,Four,Fiction
"Shrunken Treasures: Literary Classics, Short, Sweet, and Silly",Â£52.87,Three,Childrens
"Rich Dad, Poor Dad",Â£51.74,One,Business
Raymie Nightingale,Â£34.41,Two,Childrens
Playing from the Heart,Â£32.38,One,Childrens
Nightstruck: A Novel,Â£50.35,Four,Young Adult
"Naturally Lean: 125 Nourishing Gluten-Free, Plant-Based Recipes--All Under 300 Calories",Â£11.38,Five,Food and Drink
Meternity,Â£43.58,Three,Womens Fiction
Memoirs of a Geisha,Â£49.67,Three,Fiction
Like Never Before (Walker Family #2),Â£28.77,Two,Christian Fiction
Life of Pi,Â£13.22,Four,Default
Leave This Song Behind: Teen Poetry at Its Best,Â£51.17,Five,Poetry
King's Folly (The Kinsman Chronicles #1),Â£39.61,Five,Fantasy
John Adams,Â£57.43,Four,Add a comment
How to Cook Everything Vegetarian: Simple Meatless Recipes for Great Food (How to Cook Everything),Â£46.01,Four,Food and Drink
How to Be a Domestic Goddess: Baking and the Art of Comfort Cooking,Â£28.25,Two,Food and Drink
Good in Bed (Cannie Shapiro #1),Â£37.05,Five,Add a comment
"Fruits Basket, Vol. 7 (Fruits Basket #7)",Â£19.57,One,Sequential Art
For the Love: Fighting for Grace in a World of Impossible Standards,Â£45.13,Three,Nonfiction
Finding God in the Ruins: How God Redeems Pain,Â£46.64,Two,Nonfiction
Every Heart a Doorway (Every Heart A Doorway #1),Â£12.16,Five,Fantasy
Delivering the Truth (Quaker Midwife Mystery #1),Â£20.89,Four,Mystery
Counted With the Stars (Out from Egypt #1),Â£17.97,Five,Christian Fiction
"Chronicles, Vol. 1",Â£52.60,Two,Music
Blue Like Jazz: Nonreligious Thoughts on Christian Spirituality,Â£25.77,One,Christian
Benjamin Franklin: An American Life,Â£48.19,Three,Biography
"At The Existentialist CafÃ©: Freedom, Being, and apricot cocktails with: Jean-Paul Sartre, Simone de Beauvoir, Albert Camus, Martin Heidegger, Edmund Husserl, Karl Jaspers, Maurice Merleau-Ponty and others",Â£29.93,Five,Philosophy
A Summer In Europe,Â£44.34,Two,Travel
A Short History of Nearly Everything,Â£52.40,Five,History
A Gathering of Shadows (Shades of Magic #2),Â£44.81,Four,Fantasy
The Sound Of Love,Â£57.84,Five,Default
The Rise and Fall of the Third Reich: A History of Nazi Germany,Â£39.67,Two,History
The Perks of Being a Wallflower,Â£55.02,Three,Default
The Mysterious Affair at Styles (Hercule Poirot #1),Â£24.80,Four,Mystery
The Man Who Mistook His Wife for a Hat and Other Clinical Tales,Â£59.45,Four,Nonfiction
The Makings of a Fatherless Child,Â£31.58,Two,Default
The Joy of Cooking,Â£43.27,Four,Add a comment
The Invention of Wings,Â£37.34,One,Historical Fiction
The Hobbit (Middle-Earth Universe),Â£17.80,Five,Default
The Great Railway Bazaar,Â£30.54,One,Travel
The Golden Compass (His Dark Materials #1),Â£18.77,One,Add a comment
The God Delusion,Â£46.85,Three,Add a comment
The Girl You Left Behind (The Girl You Left Behind #1),Â£15.79,One,Historical
The Fellowship of the Ring (The Lord of the Rings #1),Â£10.27,Two,Default
The Collected Poems of W.B. Yeats (The Collected Works of W.B. Yeats #1),Â£15.42,Five,Poetry
The Barefoot Contessa Cookbook,Â£59.92,Five,Food and Drink
Tell the Wolves I'm Home,Â£50.96,Two,Young Adult
Ship Leaves Harbor: Essays on Travel by a Recovering Journeyman,Â£30.60,Three,Default
Pride and Prejudice,Â£19.27,Four,Add a comment
Musicophilia: Tales of Music and the Brain,Â£46.58,One,Default
Mere Christianity,Â£48.51,Three,Add a comment
Me Before You (Me Before You #1),Â£19.02,One,Fiction
In the Woods (Dublin Murder Squad #1),Â£38.38,Two,Mystery
In Cold Blood,Â£49.98,Four,Nonfiction
How to Stop Worrying and Start Living,Â£46.49,Five,Self Help
Give It Back,Â£18.32,Two,Thriller
"Girl, Interrupted",Â£42.14,Three,Nonfiction
Fun Home: A Family Tragicomic,Â£56.59,Four,Add a comment
"Fruits Basket, Vol. 6 (Fruits Basket #6)",Â£20.96,Four,Sequential Art
Deception Point,Â£40.32,Four,Fiction
"Death Note, Vol. 6: Give-and-Take (Death Note #6)",Â£36.39,Three,Sequential Art
Catherine the Great: Portrait of a Woman,Â£58.55,Four,History
Better Homes and Gardens New Cook Book,Â£39.61,Three,Food and Drink
An Unquiet Mind: A Memoir of Moods and Madness,Â£21.30,Three,Psychology
A Year in Provence (Provence #1),Â£56.88,Four,Travel
World Without End (The Pillars of the Earth #2),Â£32.97,Four,Historical Fiction
"Will Grayson, Will Grayson (Will Grayson, Will Grayson)",Â£47.31,Four,Young Adult
Why Save the Bankers?: And Other Essays on Our Economic and Political Crisis,Â£48.67,Two,Nonfiction
Where She Went (If I Stay #2),Â£41.73,Four,Young Adult
What If?: Serious Scientific Answers to Absurd Hypothetical Questions,Â£53.68,Four,Default
Two Summers,Â£14.64,One,Young Adult
This Is Your Brain on Music: The Science of a Human Obsession,Â£38.40,One,Music
The Secret Garden,Â£15.08,Four,Classics
The Raven King (The Raven Cycle #4),Â£30.57,Two,Add a comment
The Raven Boys (The Raven Cycle #1),Â£57.74,Four,Fantasy
The Power Greens Cookbook: 140 Delicious Superfood Recipes,Â£11.05,Five,Food and Drink
The Metamorphosis,Â£28.58,One,Classics
The Mathews Men: Seven Brothers and the War Against Hitler's U-boats,Â£42.91,Five,History
The Little Paris Bookshop,Â£24.73,Three,Fiction
The Hiding Place,Â£55.91,Four,History
The Grand Design,Â£13.76,Three,Science
The Firm,Â£45.56,Three,Fiction
The Fault in Our Stars,Â£47.22,One,Default
The False Prince (The Ascendance Trilogy #1),Â£56.00,Five,Fantasy
The Expatriates,Â£44.58,Two,Fiction
The Dream Thieves (The Raven Cycle #2),Â£34.50,One,Default
The Darkest Corners,Â£11.33,Five,Young Adult
The Crossover,Â£38.77,Four,Poetry
The 5th Wave (The 5th Wave #1),Â£11.83,Two,Default
Tell the Wind and Fire,Â£45.51,Three,Fantasy
Tell Me Three Things,Â£41.81,One,Young Adult
Talking to Girls About Duran Duran: One Young Man's Quest for True Love and a Cooler Haircut,Â£25.15,Four,Nonfiction
Siddhartha,Â£34.22,Five,Fiction
Shiver (The Wolves of Mercy Falls #1),Â£16.23,Five,Default
Remember Me?,Â£11.48,Three,Default
Red Dragon (Hannibal Lecter #1),Â£23.37,Three,Horror
Peak: Secrets from the New Science of Expertise,Â£16.28,Two,Science
My Mother Was Nuts,Â£31.63,Four,Nonfiction
Mexican Today: New and Rediscovered Recipes for Contemporary Kitchens,Â£24.91,Five,Food and Drink
Maybe Something Beautiful: How Art Transformed a Neighborhood,Â£22.54,One,Childrens
Lola and the Boy Next Door (Anna and the French Kiss #2),Â£23.63,Four,Young Adult
Logan Kade (Fallen Crest High #5.5),Â£13.12,Two,Academic
Last One Home (New Beginnings #1),Â£59.98,Three,Fiction
Killing Floor (Jack Reacher #1),Â£31.49,Four,Thriller
Kill the Boy Band,Â£15.52,Five,Young Adult
Isla and the Happily Ever After (Anna and the French Kiss #3),Â£48.13,Five,Young Adult
If I Stay (If I Stay #1),Â£38.13,Five,Default
I Know Why the Caged Bird Sings (Maya Angelou's Autobiography #1),Â£36.55,Two,Default
Harry Potter and the Deathly Hallows (Harry Potter #7),Â£23.32,One,Default
"Fruits Basket, Vol. 5 (Fruits Basket #5)",Â£16.33,One,Sequential Art
Foundation (Foundation (Publication Order) #1),Â£32.42,One,Science Fiction
Fool Me Once,Â£16.96,One,Default
Find Her (Detective D.D. Warren #8),Â£22.37,One,Add a comment
Evicted: Poverty and Profit in the American City,Â£42.27,One,Add a comment
Drama,Â£38.70,Two,Default
Dracula the Un-Dead,Â£35.63,Five,Horror
Digital Fortress,Â£58.00,Five,Fiction
"Death Note, Vol. 5: Whiteout (Death Note #5)",Â£52.41,One,Sequential Art
"Data, A Love Story: How I Gamed Online Dating to Meet My Match",Â£32.35,Three,Nonfiction
Critique of Pure Reason,Â£20.75,One,Philosophy
Booked,Â£17.49,Five,Poetry
"Blue Lily, Lily Blue (The Raven Cycle #3)",Â£34.13,Five,Default
Approval Junkie: Adventures in Caring Too Much,Â£58.81,Five,Autobiography
An Abundance of Katherines,Â£10.00,Five,Young Adult
America's War for the Greater Middle East: A Military History,Â£51.22,Two,History
Alight (The Generations Trilogy #2),Â£58.59,Four,Default
A Girl's Guide to Moving On (New Beginnings #2),Â£31.30,One,Romance
A Game of Thrones (A Song of Ice and Fire #1),Â£46.42,Two,Add a comment
A Feast for Crows (A Song of Ice and Fire #4),Â£17.21,Four,Fantasy
A Clash of Kings (A Song of Ice and Fire #2),Â£10.79,Three,Add a comment
Vogue Colors A to Z: A Fashion Coloring Book,Â£52.35,Four,Default
The Shining (The Shining #1),Â£27.88,Three,Default
The Pilgrim's Progress,Â£50.26,Two,Classics
The Perfect Play (Play by Play #1),Â£59.99,Three,Romance
The Passion of Dolssa,Â£28.32,Five,Historical Fiction
The Jazz of Physics: The Secret Link Between Music and the Structure of the Universe,Â£38.71,Three,Nonfiction
The Hunger Games (The Hunger Games #1),Â£29.85,Five,Default
The Hound of the Baskervilles (Sherlock Holmes #5),Â£14.82,Two,Classics
The Gunning of America: Business and the Making of American Gun Culture,Â£16.81,Four,Nonfiction
The Geography of Bliss: One Grump's Search for the Happiest Places in the World,Â£28.23,Two,Nonfiction
The Demonists (Demonist #1),Â£52.11,Two,Fantasy
"The Demon Prince of Momochi House, Vol. 4 (The Demon Prince of Momochi House #4)",Â£27.88,Two,Sequential Art
The Bone Hunters (Lexy Vaughan & Steven Macaulay #2),Â£59.71,Three,Thriller
The Beast (Black Dagger Brotherhood #14),Â£46.08,Five,Fantasy
Some Women,Â£13.73,Five,Womens Fiction
Shopaholic Ties the Knot (Shopaholic #3),Â£48.39,Five,Womens Fiction
Paper and Fire (The Great Library #2),Â£49.45,Five,Fantasy
Outlander (Outlander #1),Â£19.67,Five,Default
"Orchestra of Exiles: The Story of Bronislaw Huberman, the Israel Philharmonic, and the One Thousand Jews He Saved from Nazi Horrors",Â£12.36,Three,Music
No One Here Gets Out Alive,Â£20.02,Five,Music
Night Shift (Night Shift #1-20),Â£12.75,Four,Horror
Needful Things,Â£47.51,Four,Horror
Mockingjay (The Hunger Games #3),Â£20.44,Four,Default
Misery,Â£34.79,Two,Horror
Little Women (Little Women #1),Â£28.07,Four,Classics
It,Â£25.01,Three,Horror
Harry Potter and the Sorcerer's Stone (Harry Potter #1),Â£13.90,Three,Default
Harry Potter and the Prisoner of Azkaban (Harry Potter #3),Â£24.17,Four,Young Adult
Harry Potter and the Order of the Phoenix (Harry Potter #5),Â£31.63,Four,Fantasy
Harry Potter and the Half-Blood Prince (Harry Potter #6),Â£48.75,Five,Fantasy
Harry Potter and the Chamber of Secrets (Harry Potter #2),Â£14.74,One,Fantasy
Gone with the Wind,Â£32.49,Three,Classics
God Is Not Great: How Religion Poisons Everything,Â£27.80,One,Nonfiction
Girl With a Pearl Earring,Â£26.77,One,Historical Fiction
"Fruits Basket, Vol. 4 (Fruits Basket #4)",Â£50.44,Four,Sequential Art
Far From True (Promise Falls Trilogy #2),Â£34.93,Two,Thriller
Dark Lover (Black Dagger Brotherhood #1),Â£12.87,One,Romance
Confessions of a Shopaholic (Shopaholic #1),Â£48.94,Two,Default
Changing the Game (Play by Play #2),Â£13.38,Three,Romance
Candide,Â£58.63,Three,Classics
Can You Keep a Secret?,Â£21.94,One,Womens Fiction
Atlas Shrugged,Â£26.58,Five,Fiction
Animal Farm,Â£57.22,Three,Classics
A Walk to Remember,Â£56.43,One,Romance
A New Earth: Awakening to Your Life's Purpose,Â£55.65,Five,Spirituality
"A History of God: The 4,000-Year Quest of Judaism, Christianity, and Islam",Â£27.62,One,Religion
'Salem's Lot,Â£49.56,Four,Horror
Zero History (Blue Ant #3),Â£34.77,One,Default
Wuthering Heights,Â£17.73,Three,Classics
World War Z: An Oral History of the Zombie War,Â£21.80,One,Default
Wild: From Lost to Found on the Pacific Crest Trail,Â£46.02,Three,Default
"Where'd You Go, Bernadette",Â£18.13,One,Default
When You Are Engulfed in Flames,Â£30.89,Five,Humor
We the People: The Modern-Day Figures Who Have Reshaped and Affirmed the Founding Fathers' Vision of America,Â£31.95,Three,Nonfiction
We Are All Completely Beside Ourselves,Â£24.04,One,Contemporary
Walk the Edge (Thunder Road #2),Â£32.36,Three,Young Adult
Voyager (Outlander #3),Â£21.07,Five,Historical Fiction
Very Good Lives: The Fringe Benefits of Failure and the Importance of Imagination,Â£50.66,Three,Nonfiction
Vegan Vegetarian Omnivore: Dinner for Everyone at the Table,Â£13.66,Two,Food and Drink
"Unstuffed: Decluttering Your Home, Mind, and Soul",Â£58.09,One,Nonfiction
Under the Banner of Heaven: A Story of Violent Faith,Â£30.00,One,Nonfiction
Two Boys Kissing,Â£32.74,Two,Young Adult
Twilight (Twilight #1),Â£41.93,Two,Default
Twenties Girl,Â£42.80,Two,Womens Fiction
"Trespassing Across America: One Man's Epic, Never-Done-Before (and Sort of Illegal) Hike Across the Heartland",Â£53.51,One,Nonfiction
Three-Martini Lunch,Â£23.21,Three,Fiction
"Thinking, Fast and Slow",Â£21.14,One,Psychology
The Wild Robot,Â£56.07,Three,Childrens
"The Wicked + The Divine, Vol. 3: Commercial Suicide (The Wicked + The Divine)",Â£14.41,Three,Sequential Art
The Undomestic Goddess,Â£45.75,Four,Womens Fiction
The Travelers,Â£15.77,One,Thriller
The Tipping Point: How Little Things Can Make a Big Difference,Â£10.02,Two,Add a comment
The Thing About Jellyfish,Â£48.77,One,Childrens
The Stand,Â£57.86,Two,Horror
The Smitten Kitchen Cookbook,Â£23.59,One,Food and Drink
The Silkworm (Cormoran Strike #2),Â£23.05,Five,Mystery
"The Sandman, Vol. 3: Dream Country (The Sandman (volumes) #3)",Â£55.55,Five,Sequential Art
The Rose & the Dagger (The Wrath and the Dawn #2),Â£58.64,Four,Fantasy
The Road to Little Dribbling: Adventures of an American in Britain (Notes From a Small Island #2),Â£23.21,One,Travel
The Rise of Theodore Roosevelt (Theodore Roosevelt #1),Â£42.57,Three,Biography
The Restaurant at the End of the Universe (Hitchhiker's Guide to the Galaxy #2),Â£10.92,One,Science Fiction
The Rest Is Noise: Listening to the Twentieth Century,Â£34.77,One,Add a comment
The Red Tent,Â£35.66,Five,Historical Fiction
The Purpose Driven Life: What on Earth Am I Here for?,Â£37.19,Three,Add a comment
The Purest Hook (Second Circle Tattoos #3),Â£12.25,One,Romance
The Picture of Dorian Gray,Â£29.70,Two,Classics
The Paris Wife,Â£36.80,Three,Default
The Obsession,Â£45.43,One,Romance
The Nightingale,Â£26.26,Four,Fiction
The New Guy (and Other Senior Year Distractions),Â£44.92,Three,Young Adult
The Nanny Diaries (Nanny #1),Â£52.53,Five,Womens Fiction
The Name of God is Mercy,Â£37.25,Two,Nonfiction
The Maze Runner (The Maze Runner #1),Â£20.93,One,Default
The Lover's Dictionary,Â£58.09,Two,Default
The Lonely Ones,Â£43.59,Five,Childrens
The Lean Startup: How Today's Entrepreneurs Use Continuous Innovation to Create Radically Successful Businesses,Â£33.92,Three,Business
The Last Painting of Sara de Vos,Â£55.55,Two,Historical Fiction
"The Land of 10,000 Madonnas",Â£29.64,Four,Young Adult
The Infinities,Â£27.41,One,Fiction
The Husband's Secret,Â£52.51,Five,Fiction
The Hitchhiker's Guide to the Galaxy (Hitchhiker's Guide to the Galaxy #1),Â£47.80,Three,Add a comment
The Guns of August,Â£14.54,Two,History
The Guernsey Literary and Potato Peel Pie Society,Â£49.53,One,Historical Fiction
The Goldfinch,Â£43.58,Three,Default
The Giver (The Giver Quartet #1),Â£12.30,One,Default
The Girl with All the Gifts,Â£49.47,Three,Horror
The Girl Who Played with Fire (Millennium Trilogy #2),Â£22.14,Two,Default
The Girl Who Kicked the Hornet's Nest (Millennium Trilogy #3),Â£57.48,One,Add a comment
The Exiled,Â£43.45,Three,Mystery
"The End of Faith: Religion, Terror, and the Future of Reason",Â£22.13,Four,Add a comment
"The Elegant Universe: Superstrings, Hidden Dimensions, and the Quest for the Ultimate Theory",Â£13.03,Four,Science
"The Disappearing Spoon: And Other True Tales of Madness, Love, and the History of the World from the Periodic Table of the Elements",Â£57.35,Five,Science
The Devil Wears Prada (The Devil Wears Prada #1),Â£44.29,One,Womens Fiction
The Demon-Haunted World: Science as a Candle in the Dark,Â£52.25,Four,Default
The Day the Crayons Came Home (Crayons),Â£26.33,Five,Childrens
The Da Vinci Code (Robert Langdon #2),Â£22.96,Two,Fiction
The Cuckoo's Calling (Cormoran Strike #1),Â£19.21,One,Mystery
The Complete Stories and Poems (The Works of Edgar Allan Poe [Cameo Edition]),Â£26.78,Four,Classics
The Complete Poems,Â£41.32,Five,Add a comment
The Catcher in the Rye,Â£24.55,One,Add a comment
The Cat in the Hat (Beginner Books B-1),Â£16.26,Two,Childrens
The Case for Christ (Cases for Christianity),Â£47.84,One,Add a comment
The Book Thief,Â£53.49,Two,Default
The Book of Basketball: The NBA According to The Sports Guy,Â£44.84,Five,Sports and Games
The Blind Side: Evolution of a Game,Â£53.71,Five,Add a comment
The Autobiography of Malcolm X,Â£23.43,Two,Default
"The Art of Simple Food: Notes, Lessons, and Recipes from a Delicious Revolution",Â£34.32,Three,Food and Drink
The Art of Fielding,Â£22.10,One,Fiction
"Surely You're Joking, Mr. Feynman!: Adventures of a Curious Character",Â£25.83,Two,Science
Stiff: The Curious Lives of Human Cadavers,Â£36.74,Three,Nonfiction
Spilled Milk: Based on a True Story,Â£49.51,One,Nonfiction
Something Borrowed (Darcy & Rachel #1),Â£48.96,Five,Womens Fiction
Something Blue (Darcy & Rachel #2),Â£54.62,One,Womens Fiction
Soldier (Talon #3),Â£24.72,Two,Fantasy
Shopaholic & Baby (Shopaholic #5),Â£46.45,Two,Default
Seven Days in the Art World,Â£52.33,Two,Add a comment
Seven Brief Lessons on Physics,Â£30.60,Four,Science
Scarlet (The Lunar Chronicles #2),Â£14.57,Four,Young Adult
Sarah's Key,Â£46.29,One,Add a comment
"Saga, Volume 3 (Saga (Collected Editions) #3)",Â£21.57,Five,Sequential Art
Running with Scissors,Â£12.91,Four,Autobiography
Rogue Lawyer (Rogue Lawyer #1),Â£50.11,Three,Add a comment
"Rise of the Rocket Girls: The Women Who Propelled Us, from Missiles to the Moon to Mars",Â£41.67,Four,Nonfiction
Rework,Â£44.88,Two,Business
Reservations for Two,Â£11.10,Three,Romance
Red: The True Story of Red Riding Hood,Â£28.54,Three,Childrens
Ready Player One,Â£19.07,Four,Science Fiction
Quiet: The Power of Introverts in a World That Can't Stop Talking,Â£43.55,One,Default
Prodigy: The Graphic Novel (Legend: The Graphic Novel #2),Â£43.63,Three,Sequential Art
Persepolis: The Story of a Childhood (Persepolis #1-2),Â£39.13,One,Sequential Art
Packing for Mars: The Curious Science of Life in the Void,Â£56.68,Two,Default
Outliers: The Story of Success,Â£14.16,One,Nonfiction
Original Fake,Â£31.45,Three,Sequential Art
Orange Is the New Black,Â£24.61,Two,Default
One for the Money (Stephanie Plum #1),Â£32.87,Two,Default
Notes from a Small Island (Notes From a Small Island #1),Â£40.17,One,Nonfiction
Night (The Night Trilogy #1),Â£13.51,One,Nonfiction
Neither Here nor There: Travels in Europe,Â£38.95,Three,Travel
Naked,Â£31.69,Three,Humor
Morning Star (Red Rising #3),Â£29.40,One,Default
"Miracles from Heaven: A Little Girl, Her Journey to Heaven, and Her Amazing Story of Healing",Â£57.83,One,Nonfiction
Midnight Riot (Peter Grant/ Rivers of London - books #1),Â£55.46,Two,Fantasy
Me Talk Pretty One Day,Â£57.60,Two,Autobiography
Manuscript Found in Accra,Â£34.98,Two,Add a comment
Lust & Wonder,Â£11.87,Two,Autobiography
Lila (Gilead #3),Â£12.47,Three,Fiction
"Life, the Universe and Everything (Hitchhiker's Guide to the Galaxy #3)",Â£33.26,Two,Science Fiction
Life Without a Recipe,Â£59.04,Five,Autobiography
Life After Life,Â£26.13,Two,Default
Letter to a Christian Nation,Â£22.20,One,Nonfiction
Let's Pretend This Never Happened: A Mostly True Memoir,Â£45.11,One,Nonfiction
Legend (Legend #1),Â£43.69,Four,Young Adult
"Lean In: Women, Work, and the Will to Lead",Â£25.02,One,Default
"Lamb: The Gospel According to Biff, Christ's Childhood Pal",Â£55.50,Five,Humor
Lady Renegades (Rebel Belle #3),Â£53.04,Five,Young Adult
Jurassic Park (Jurassic Park #1),Â£44.97,One,Fiction
It's Never Too Late to Begin Again: Discovering Creativity and Meaning at Midlife and Beyond,Â£42.38,One,Nonfiction
Is Everyone Hanging Out Without Me? (And Other Concerns),Â£20.11,Three,Default
Into the Wild,Â£56.70,Five,Nonfiction
Inferno (Robert Langdon #4),Â£41.00,Five,Fiction
"In the Garden of Beasts: Love, Terror, and an American Family in Hitler's Berlin",Â£28.85,Three,Nonfiction
If I Run (If I Run #1),Â£49.97,Four,Christian Fiction
I've Got Your Number,Â£19.69,One,Womens Fiction
I Am Malala: The Girl Who Stood Up for Education and Was Shot by the Taliban,Â£28.88,Two,Nonfiction
Hungry Girl Clean & Hungry: Easy All-Natural Recipes for Healthy Eating in the Real World,Â£33.14,Three,Food and Drink
"House of Lost Worlds: Dinosaurs, Dynasties, and the Story of Life on Earth",Â£43.70,Two,History
House of Leaves,Â£54.89,One,Horror
Horrible Bear!,Â£37.52,Two,Childrens
Holidays on Ice,Â£51.07,Two,Humor
Heir to the Sky,Â£44.07,Four,Fantasy
Green Eggs and Ham (Beginner Books B-16),Â£10.79,Four,Childrens
"Grayson, Vol 3: Nemesis (Grayson #3)",Â£42.72,One,Sequential Art
Gratitude,Â£26.66,Five,Nonfiction
Gone Girl,Â£37.60,Five,Default
Golden (Heart of Dread #3),Â£42.21,Four,Young Adult
Girl in the Blue Coat,Â£46.83,Two,Historical Fiction
"Fruits Basket, Vol. 3 (Fruits Basket #3)",Â£45.17,Two,Sequential Art
"Friday Night Lights: A Town, a Team, and a Dream",Â£51.22,Three,Sports and Games
Fire Bound (Sea Haven/Sisters of the Heart #5),Â£21.28,Four,Add a comment
Fifty Shades Freed (Fifty Shades #3),Â£15.36,Five,Adult Fiction
Fellside,Â£38.62,One,Default
Extreme Prey (Lucas Davenport #26),Â£25.40,Three,Mystery
Eragon (The Inheritance Cycle #1),Â£43.87,Three,Fantasy
Eclipse (Twilight #3),Â£18.74,One,Default
Dune (Dune #1),Â£54.86,One,Science Fiction
Dracula,Â£52.62,Three,Default
Do Androids Dream of Electric Sheep? (Blade Runner #1),Â£51.48,One,Science Fiction
Disrupted: My Misadventure in the Start-Up Bubble,Â£15.28,Five,Nonfiction
Dead Wake: The Last Crossing of the Lusitania,Â£39.24,Five,Default
"David and Goliath: Underdogs, Misfits, and the Art of Battling Giants",Â£17.81,One,Default
Darkfever (Fever #1),Â£56.02,One,Fantasy
Dark Places,Â£23.90,Five,Default
Crazy Rich Asians (Crazy Rich Asians #1),Â£49.13,Five,Fiction
Counting Thyme,Â£10.62,One,Childrens
Cosmos,Â£36.17,Two,Add a comment
Civilization and Its Discontents,Â£59.95,Two,Psychology
Cinder (The Lunar Chronicles #1),Â£26.09,One,Young Adult
Catastrophic Happiness: Finding Joy in Childhood's Messy Years,Â£37.35,Two,Parenting
Career of Evil (Cormoran Strike #3),Â£24.72,Two,Mystery
Breaking Dawn (Twilight #4),Â£35.28,Five,Default
Brave Enough,Â£51.32,Five,Nonfiction
Boy Meets Boy,Â£21.12,Three,Young Adult
"Born to Run: A Hidden Tribe, Superathletes, and the Greatest Race the World Has Never Seen",Â£27.35,Two,Nonfiction
Blink: The Power of Thinking Without Thinking,Â£21.74,Five,Nonfiction
Black Flags: The Rise of ISIS,Â£40.87,One,Nonfiction
"Black Butler, Vol. 1 (Black Butler #1)",Â£49.31,One,Sequential Art
Big Little Lies,Â£22.11,One,Fiction
Between Shades of Gray,Â£20.79,Five,Historical Fiction
Best of My Love (Fool's Gold #20),Â£27.41,Two,Romance
Beowulf,Â£38.35,Two,Classics
Beautiful Creatures (Caster Chronicles #1),Â£21.55,Five,Default
Awkward,Â£38.02,Two,Sequential Art
Ash,Â£22.06,Four,Fantasy
Are We There Yet?,Â£10.66,Three,Childrens
Are We Smart Enough to Know How Smart Animals Are?,Â£56.58,One,Nonfiction
Annie on My Mind,Â£36.83,Five,Young Adult
And Then There Were None,Â£35.01,Two,Classics
A Walk in the Woods: Rediscovering America on the Appalachian Trail,Â£30.48,Four,Nonfiction
A Visit from the Goon Squad,Â£14.08,Five,Default
A Storm of Swords (A Song of Ice and Fire #3),Â£31.22,Two,Fantasy
A Heartbreaking Work of Staggering Genius,Â£54.29,Five,Autobiography
8 Keys to Mental Health Through Exercise,Â£31.04,One,Psychology
#GIRLBOSS,Â£50.96,One,Add a comment
"The Suffragettes (Little Black Classics, #96)",Â£11.89,Two,Nonfiction
The Sense of an Ending,Â£31.38,Three,Add a comment
"The Sandman, Vol. 2: The Doll's House (The Sandman (volumes) #2)",Â£54.81,One,Sequential Art
The Course of Love,Â£16.78,Three,Fiction
Sugar Rush (Offensive Line #2),Â£24.42,One,Sports and Games
"Saga, Volume 2 (Saga (Collected Editions) #2)",Â£11.75,Three,Sequential Art
"Run, Spot, Run: The Ethics of Keeping Pets",Â£20.02,One,Philosophy
New Moon (Twilight #2),Â£12.86,Four,Young Adult
Life,Â£31.58,Five,Music
Kindle Paperwhite User's Guide,Â£34.00,Three,Nonfiction
H is for Hawk,Â£57.42,Five,Nonfiction
Girl Online On Tour (Girl Online #2),Â£53.47,One,Young Adult
"Fruits Basket, Vol. 2 (Fruits Basket #2)",Â£11.64,Five,Sequential Art
Diary of a Minecraft Zombie Book 1: A Scare of a Dare (An Unofficial Minecraft Book),Â£52.88,Four,Childrens
"Y: The Last Man, Vol. 1: Unmanned (Y: The Last Man #1)",Â£18.51,Four,Sequential Art
While You Were Mine,Â£41.32,Five,Historical Fiction
Where Lightning Strikes (Bleeding Stars #3),Â£39.77,Three,Romance
When I'm Gone,Â£51.96,Three,Fiction
Ways of Seeing,Â£39.51,Five,Art
"Vampire Knight, Vol. 1 (Vampire Knight #1)",Â£15.40,One,Paranormal
Vampire Girl (Vampire Girl #1),Â£53.82,Two,Fantasy
Twenty Love Poems and a Song of Despair,Â£30.95,Four,Poetry
Travels with Charley: In Search of America,Â£57.82,Five,Nonfiction
Three Wishes (River of Time: California #1),Â£44.18,Two,Science Fiction
This One Moment (Pushing Limits #1),Â£48.71,One,Romance
The Zombie Room,Â£19.69,Five,Default
"The Wicked + The Divine, Vol. 1: The Faust Act (The Wicked + The Divine)",Â£36.52,Two,Sequential Art
The Tumor,Â£41.56,Five,Nonfiction
The Story of Hong Gildong,Â£43.19,Four,Classics
The Silent Wife,Â£12.34,Five,Fiction
The Silent Twin (Detective Jennifer Knight #3),Â£36.25,Three,Fantasy
The Selfish Gene,Â£29.45,One,Science
The Secret Healer,Â£34.56,Three,Historical Fiction
"The Sandman, Vol. 1: Preludes and Nocturnes (The Sandman (volumes) #1)",Â£54.12,Three,Sequential Art
The Republic,Â£33.78,Three,Add a comment
The Odyssey,Â£29.64,Three,Add a comment
The No. 1 Ladies' Detective Agency (No. 1 Ladies' Detective Agency #1),Â£57.70,Four,Mystery
The Nicomachean Ethics,Â£36.34,One,Philosophy
The Name of the Wind (The Kingkiller Chronicle #1),Â£50.59,Three,Default
The Mirror & the Maze (The Wrath and the Dawn #1.5),Â£29.38,One,Fantasy
The Little Prince,Â£45.42,Two,Classics
The Light of the Fireflies,Â£54.43,One,Add a comment
The Last Girl (The Dominion Trilogy #1),Â£36.26,Two,Science Fiction
The Iliad,Â£16.16,One,Add a comment
The Hook Up (Game On #1),Â£36.29,Five,New Adult
The Haters,Â£27.89,Five,Young Adult
The Girl You Lost,Â£12.29,Five,Mystery
The Girl In The Ice (DCI Erika Foster #1),Â£15.85,Three,Mystery
The End of the Jesus Era (An Investigation #1),Â£14.40,One,Nonfiction
The Edge of Reason (Bridget Jones #2),Â£19.18,Four,Womens Fiction
The Complete Maus (Maus #1-2),Â£10.64,Three,Sequential Art
The Communist Manifesto,Â£14.76,Three,Add a comment
The Bhagavad Gita,Â£57.49,Three,Religion
The Bette Davis Club,Â£30.66,Three,Fiction
The Art of Not Breathing,Â£40.83,Four,Young Adult
Taking Shots (Assassins #1),Â£18.88,Two,Default
Starlark,Â£25.83,Three,Historical Fiction
"Skip Beat!, Vol. 01 (Skip Beat! #1)",Â£42.12,Three,Sequential Art
Sister Sable (The Mad Queen #1),Â£13.33,Three,Fantasy
Shatter Me (Shatter Me #1),Â£42.40,One,Default
Shameless,Â£58.35,Three,New Adult
Shadow Rites (Jane Yellowrock #10),Â£21.72,Four,Fantasy
Settling the Score (The Summer Games #1),Â£44.91,Two,Sports and Games
Sense and Sensibility,Â£37.46,One,Classics
"Saga, Volume 1 (Saga (Collected Editions) #1)",Â£28.48,One,Sequential Art
"Rhythm, Chord & Malykhin",Â£28.34,Two,Romance
"Rat Queens, Vol. 1: Sass & Sorcery (Rat Queens (Collected Editions) #1-5)",Â£46.96,Five,Sequential Art
Paradise Lost (Paradise #1),Â£24.96,One,Default
"Paper Girls, Vol. 1 (Paper Girls #1-5)",Â£21.71,Four,Sequential Art
"Ouran High School Host Club, Vol. 1 (Ouran High School Host Club #1)",Â£29.87,Three,Sequential Art
Origins (Alphas 0.5),Â£28.99,One,Fantasy
One Second (Seven #7),Â£52.94,Two,Fantasy
On the Road (Duluoz Legend),Â£32.36,Three,Default
Old Records Never Die: One Man's Quest for His Vinyl and His Past,Â£55.66,Two,Music
Off Sides (Off #1),Â£39.45,Five,New Adult
Of Mice and Men,Â£47.11,Two,Classics
Myriad (Prentor #1),Â£58.75,Four,Fantasy
My Perfect Mistake (Over the Top #1),Â£38.92,Two,Romance
"Ms. Marvel, Vol. 1: No Normal (Ms. Marvel (2014-2015) #1)",Â£39.39,Four,Sequential Art
Meditations,Â£25.89,Two,Philosophy
Matilda,Â£28.34,One,Childrens
Lost Among the Living,Â£27.70,Four,Historical Fiction
Lord of the Flies,Â£24.89,Three,Add a comment
Listen to Me (Fusion #1),Â£58.99,Three,Romance
Kitchens of the Great Midwest,Â£57.20,Five,Fiction
Jane Eyre,Â£38.43,Five,Default
Imperfect Harmony,Â£34.74,Four,Romance
Icing (Aces Hockey #2),Â£40.44,Four,Sports and Games
"Hawkeye, Vol. 1: My Life as a Weapon (Hawkeye #1)",Â£45.24,Three,Sequential Art
Having the Barbarian's Baby (Ice Planet Barbarians #7.5),Â£34.96,Four,Science Fiction
"Giant Days, Vol. 1 (Giant Days #1-4)",Â£56.76,Four,Sequential Art
"Fruits Basket, Vol. 1 (Fruits Basket #1)",Â£40.28,Five,Sequential Art
Frankenstein,Â£38.00,Two,Default
Forever Rockers (The Rocker #12),Â£28.80,Three,Music
Fighting Fate (Fighting #6),Â£39.24,Three,Romance
Emma,Â£32.93,Two,Classics
"Eat, Pray, Love",Â£51.32,Three,Nonfiction
Deep Under (Walker Security #1),Â£47.09,Five,Romance
Choosing Our Religion: The Spiritual Lives of America's Nones,Â£28.42,Four,Religion
Charlie and the Chocolate Factory (Charlie Bucket #1),Â£22.85,Three,Childrens
Charity's Cross (Charles Towne Belles #4),Â£41.24,One,Romance
Bright Lines,Â£39.07,Five,Fiction
Bridget Jones's Diary (Bridget Jones #1),Â£29.82,One,Womens Fiction
Bounty (Colorado Mountain #7),Â£37.26,Four,Romance
Blood Defense (Samantha Brinkman #1),Â£20.30,Three,Mystery
"Bleach, Vol. 1: Strawberry and the Soul Reapers (Bleach #1)",Â£34.65,Five,Sequential Art
Beyond Good and Evil,Â£43.38,One,Philosophy
Alice in Wonderland (Alice's Adventures in Wonderland #1),Â£55.53,One,Classics
"Ajin: Demi-Human, Volume 1 (Ajin: Demi-Human #1)",Â£57.06,Four,Sequential Art
A Spy's Devotion (The Regency Spies of London #1),Â£16.97,Five,Historical Fiction
1st to Die (Women's Murder Club #1),Â£53.98,One,Mystery
"1,000 Places to See Before You Die",Â£26.08,Five,Travel
